CODDIS;NOMDIS;COD_BAR;NOMBRE;COD_DIS_TX;BARRIO_MAY;COD_DISBAR;NUM_BAR;BARRIO_MT;AREA
17;Villaverde;171;Villaverde Alto - Casco Histórico de Villaverde;17;VILLAVERDE ALTO - CASCO HISTORICO DE VILLAVERDE;171;1;VILLAVERDE ALTO - CASCO HISTÓRICO DE VILLAVERDE;9254048,128249999135733
17;Villaverde;172;San Cristóbal;17;SAN CRISTOBAL;172;2;SAN CRISTÓBAL;1082492,295219999970868
17;Villaverde;173;Butarque;17;BUTARQUE;173;3;BUTARQUE;6381763,835490000434220
17;Villaverde;174;Los Rosales;17;LOS ROSALES;174;4;LOS ROSALES;1540747,064890000037849
17;Villaverde;175;Ángeles;17;ANGELES;175;5;ÁNGELES;1935271,666609999956563
18;Villa de Vallecas;183;Ensanche de Vallecas;18;ENSANCHE DE VALLECAS;183;3;ENSANCHE DE VALLECAS;6341118,450269999913871
11;Carabanchel;116;Buenavista;11;BUENAVISTA;116;6;BUENAVISTA;5613180,278909999877214
18;Villa de Vallecas;181;Casco Histórico de Vallecas;18;CASCO HISTORICO DE VALLECAS;181;1;CASCO HISTÓRICO DE VALLECAS;42989207,064800001680851
12;Usera;121;Orcasitas;12;ORCASITAS;121;1;ORCASITAS;1356362,456000000005588
12;Usera;122;Orcasur;12;ORCASUR;122;2;ORCASUR;1387350,471469999989495
12;Usera;123;San Fermín;12;SAN FERMIN;123;3;SAN FERMÍN;1475398,927339999936521
13;Puente de Vallecas;131;Entrevías;13;ENTREVIAS;131;1;ENTREVÍAS;5971941,418170000426471
10;Latina;106;Cuatro Vientos;10;CUATRO VIENTOS;106;6;CUATRO VIENTOS;5429881,013249999843538
11;Carabanchel;115;Puerta Bonita;11;PUERTA BONITA;115;5;PUERTA BONITA;1608625,589110000059009
11;Carabanchel;117;Abrantes;11;ABRANTES;117;7;ABRANTES;1564570,390110000036657
10;Latina;107;Águilas;10;AGUILAS;107;7;ÁGUILAS;3609602,855700000189245
11;Carabanchel;114;Vista Alegre;11;VISTA ALEGRE;114;4;VISTA ALEGRE;1589225,326869999989867
18;Villa de Vallecas;182;Santa Eugenia;18;SANTA EUGENIA;182;2;SANTA EUGENIA;2080232,597259999951348
13;Puente de Vallecas;133;Palomeras Bajas;13;PALOMERAS  BAJAS;133;3;PALOMERAS BAJAS;1723868,655010000104085
10;Latina;105;Campamento;10;CAMPAMENTO;105;5;CAMPAMENTO;9195923,924990000203252
12;Usera;126;Zofío;12;ZOFIO;126;6;ZOFÍO;774025,402247000019997
12;Usera;127;Pradolongo;12;PRADOLONGO;127;7;PRADOLONGO;1095652,104969999985769
13;Puente de Vallecas;134;Palomeras Sureste;13;PALOMERAS SURESTE;134;4;PALOMERAS SURESTE;3108597,639859999995679
12;Usera;124;Almendrales;12;ALMENDRALES;124;4;ALMENDRALES;780140,089093000045978
13;Puente de Vallecas;132;San Diego;13;SAN DIEGO;132;2;SAN DIEGO;1069868,382500000065193
13;Puente de Vallecas;135;Portazgo;13;PORTAZGO;135;5;PORTAZGO;1245260,492910000029951
10;Latina;104;Aluche;10;ALUCHE;104;4;ALUCHE;2849809,981639999896288
12;Usera;125;Moscardó;12;MOSCARDO;125;5;MOSCARDÓ;908787,303278999985196
2;Arganzuela;024;Legazpi;02;LEGAZPI;24;4;LEGAZPI;1414470,938559999922290
11;Carabanchel;112;Opañel;11;OPAÑEL;112;2;OPAÑEL;1107286,227130000013858
11;Carabanchel;111;Comillas;11;COMILLAS;111;1;COMILLAS;666096,196947999997064
11;Carabanchel;113;San Isidro;11;SAN ISIDRO;113;3;SAN ISIDRO;1899331,781750000081956
2;Arganzuela;025;Delicias;02;DELICIAS;25;5;DELICIAS;1054679,054079999914393
2;Arganzuela;023;Chopera;02;CHOPERA;23;3;CHOPERA;567786,977239000028931
13;Puente de Vallecas;136;Numancia;13;NUMANCIA;136;6;NUMANCIA;1849069,282940000062808
10;Latina;101;Los Cármenes;10;LOS CARMENES;101;1;LOS CÁRMENES;1291998,863349999999627
19;Vicálvaro;192;Valdebernardo;19;VALDEBERNARDO;192;2;VALDEBERNARDO;2555116,495920000132173
19;Vicálvaro;193;Valderrivas;19;VALDERRIVAS;193;3;VALDERRIVAS;643123,887829000013880
14;Moratalaz;141;Pavones;14;PAVONES;141;1;PAVONES;1009652,257469999953173
10;Latina;103;Lucero;10;LUCERO;103;3;LUCERO;1678995,242360000032932
14;Moratalaz;145;Fontarrón;14;FONTARRON;145;5;FONTARRÓN;964573,767320999992080
2;Arganzuela;022;Acacias;02;ACACIAS;22;2;ACACIAS;1073436,829350000014529
3;Retiro;032;Adelfas;03;ADELFAS;32;2;ADELFAS;640789,191482000052929
19;Vicálvaro;194;El Cañaveral;19;EL CAÑAVERAL;194;4;EL CAÑAVERAL;10567690,642799999564886
2;Arganzuela;026;Palos de la Frontera;02;PALOS DE LA FRONTERA;26;6;PALOS DE LA FRONTERA;648441,643490000045858
19;Vicálvaro;191;Casco Histórico de Vicálvaro;19;CASCO HISTORICO DE VICALVARO;191;1;CASCO HISTÓRICO DE VICÁLVARO;21075998,971700001507998
3;Retiro;031;Pacífico;03;PACIFICO;31;1;PACÍFICO;758250,266060999943875
14;Moratalaz;146;Vinateros;14;VINATEROS;146;6;VINATEROS;593918,016569999977946
2;Arganzuela;021;Imperial;02;IMPERIAL;21;1;IMPERIAL;967679,315212000044994
10;Latina;102;Puerta del Ángel;10;PUERTA DEL ANGEL;102;2;PUERTA DEL ÁNGEL;1375297,547319999895990
14;Moratalaz;144;Media Legua;14;MEDIA LEGUA;144;4;MEDIA LEGUA;998967,777784000034444
14;Moratalaz;142;Horcajo;14;HORCAJO;142;2;HORCAJO;745945,383542999974452
1;Centro;012;Embajadores;01;EMBAJADORES;12;2;EMBAJADORES;1033724,489919999963604
14;Moratalaz;143;Marroquina;14;MARROQUINA;143;3;MARROQUINA;1790110,551609999965876
3;Retiro;035;Los Jerónimos;03;LOS JERONIMOS;35;5;LOS JERÓNIMOS;1906398,257370000006631
3;Retiro;033;Estrella;03;ESTRELLA;33;3;ESTRELLA;1025524,263829999952577
3;Retiro;036;Niño Jesús;03;NIÑO JESUS;36;6;NIÑO JESÚS;643280,535692999954335
2;Arganzuela;027;Atocha;02;ATOCHA;27;7;ATOCHA;735681,156115000019781
1;Centro;011;Palacio;01;PALACIO;11;1;PALACIO;1469905,932620000094175
1;Centro;013;Cortes;01;CORTES;13;3;CORTES;591874,244330000015907
1;Centro;016;Sol;01;SOL;16;8;SOL;445300,966285999980755
3;Retiro;034;Ibiza;03;IBIZA;34;4;IBIZA;491968,676506999996491
15;Ciudad Lineal;152;Pueblo Nuevo;15;PUEBLO NUEVO;152;2;PUEBLO NUEVO;2319216,837919999845326
20;San Blas - Canillejas;204;Arcos;20;ARCOS;204;4;ARCOS;1305194,310199999948964
1;Centro;014;Justicia;01;JUSTICIA;14;4;JUSTICIA;739413,492110999999568
9;Moncloa - Aravaca;092;Argüelles;09;ARGÜELLES;92;2;ARGÜELLES;757531,144045999972150
20;San Blas - Canillejas;205;Rosas;20;ROSAS;205;5;ROSAS;9293703,728080000728369
1;Centro;015;Universidad;01;UNIVERSIDAD;15;5;UNIVERSIDAD;948026,383465999970213
15;Ciudad Lineal;151;Ventas;15;VENTAS;151;1;VENTAS;3198035,193940000142902
4;Salamanca;041;Recoletos;04;RECOLETOS;41;1;RECOLETOS;873144,938997999997810
4;Salamanca;043;Fuente del Berro;04;FUENTE DEL BERRO;43;3;FUENTE DEL BERRO;852575,775906000053510
4;Salamanca;042;Goya;04;GOYA;42;2;GOYA;770293,505902000004426
9;Moncloa - Aravaca;091;Casa de Campo;09;CASA DE CAMPO;91;1;CASA DE CAMPO;17460519,992499999701977
20;San Blas - Canillejas;203;Amposta;20;AMPOSTA;203;3;AMPOSTA;370250,298002999974415
20;San Blas - Canillejas;201;Simancas;20;SIMANCAS;201;1;SIMANCAS;2276342,535860000178218
7;Chamberí;074;Almagro;07;ALMAGRO;74;4;ALMAGRO;937940,644901999970898
4;Salamanca;045;Lista;04;LISTA;45;5;LISTA;520214,511002000013832
7;Chamberí;073;Trafalgar;07;TRAFALGAR;73;3;TRAFALGAR;611878,579093000036664
4;Salamanca;044;Guindalera;04;GUINDALERA;44;4;GUINDALERA;1602790,054920000024140
20;San Blas - Canillejas;202;Hellín;20;HELLIN;202;2;HELLÍN;550555,375294000026770
4;Salamanca;046;Castellana;04;CASTELLANA;46;6;CASTELLANA;773385,311497000046074
7;Chamberí;072;Arapiles;07;ARAPILES;72;2;ARAPILES;578229,747610999969766
7;Chamberí;071;Gaztambide;07;GAZTAMBIDE;71;1;GAZTAMBIDE;506478,200045000005048
15;Ciudad Lineal;153;Quintana;15;QUINTANA;153;3;QUINTANA;723117,480726000037976
15;Ciudad Lineal;154;La Concepción;15;LA CONCEPCION;154;4;LA CONCEPCIÓN;885910,782203000038862
20;San Blas - Canillejas;207;Canillejas;20;CANILLEJAS;207;7;CANILLEJAS;1597706,195980000076815
15;Ciudad Lineal;155;San Pascual;15;SAN PASCUAL;155;5;SAN PASCUAL;1052724,611819999990985
7;Chamberí;075;Ríos Rosas;07;RIOS ROSAS;75;5;RÍOS ROSAS;975419,554009999963455
5;Chamartín;052;Prosperidad;05;PROSPERIDAD;52;2;PROSPERIDAD;1040057,889919999986887
7;Chamberí;076;Vallehermoso;07;VALLEHERMOSO;76;6;VALLEHERMOSO;1069238,341740000061691
5;Chamartín;051;El Viso;05;EL VISO;51;1;EL VISO;1709233,258600000059232
20;San Blas - Canillejas;208;El Salvador;20;EL SALVADOR;208;8;EL SALVADOR;1880109,737800000002608
20;San Blas - Canillejas;206;Rejas;20;REJAS;206;6;REJAS;5016032,786650000140071
5;Chamartín;053;Ciudad Jardín;05;CIUDAD JARDIN;53;3;CIUDAD JARDÍN;762309,360763999982737
9;Moncloa - Aravaca;093;Ciudad Universitaria;09;CIUDAD UNIVERSITARIA;93;3;CIUDAD UNIVERSITARIA;14250852,888800000771880
6;Tetuán;062;Cuatro Caminos;06;CUATRO CAMINOS;62;2;CUATRO CAMINOS;1185034,683410000056028
6;Tetuán;061;Bellas Vistas;06;BELLAS VISTAS;61;1;BELLAS VISTAS;715170,087521999957971
9;Moncloa - Aravaca;097;Aravaca;09;ARAVACA;97;7;ARAVACA;5833534,977959999814630
15;Ciudad Lineal;156;San Juan Bautista;15;SAN JUAN BAUTISTA;156;6;SAN JUAN BAUTISTA;1010844,211709999945015
21;Barajas;211;Alameda de Osuna;21;ALAMEDA DE OSUNA;211;1;ALAMEDA DE OSUNA;2031266,997569999890402
16;Hortaleza;161;Palomas;16;PALOMAS;161;1;PALOMAS;1068837,500259999884292
5;Chamartín;054;Hispanoamérica;05;HISPANOAMERICA;54;4;HISPANOAMÉRICA;1712522,676190000027418
15;Ciudad Lineal;157;Colina;15;COLINA;157;7;COLINA;559699,357701999950223
6;Tetuán;066;Berruguete;06;BERRUGUETE;66;6;BERRUGUETE;607063,361526999971829
16;Hortaleza;162;Piovera;16;PIOVERA;162;2;PIOVERA;3139650,419400000013411
6;Tetuán;063;Castillejos;06;CASTILLEJOS;63;3;CASTILLEJOS;704681,048163000028580
16;Hortaleza;163;Canillas;16;CANILLAS;163;3;CANILLAS;2522508,532389999832958
5;Chamartín;055;Nueva España;05;NUEVA ESPAÑA;55;5;NUEVA ESPAÑA;1790095,090709999902174
9;Moncloa - Aravaca;094;Valdezarza;09;VALDEZARZA;94;4;VALDEZARZA;1397455,629489999962971
6;Tetuán;065;Valdeacederas;06;VALDEACEDERAS;65;5;VALDEACEDERAS;1163408,754949999973178
21;Barajas;215;Corralejos;21;CORRALEJOS;215;5;CORRALEJOS;4672512,184689999558032
15;Ciudad Lineal;158;Atalaya;15;ATALAYA;158;8;ATALAYA;248882,861746999988100
6;Tetuán;064;Almenara;06;ALMENARA;64;4;ALMENARA;999367,314490000018850
16;Hortaleza;164;Pinar del Rey;16;PINAR DEL REY;164;4;PINAR DEL REY;2664767,475829999893904
5;Chamartín;056;Castilla;05;CASTILLA;56;6;CASTILLA;2161263,848540000151843
21;Barajas;214;Timón;21;TIMON;214;4;TIMÓN;4798438,800379999913275
9;Moncloa - Aravaca;095;Valdemarín;09;VALDEMARIN;95;5;VALDEMARÍN;3302463,522129999939352
15;Ciudad Lineal;159;Costillares;15;COSTILLARES;159;9;COSTILLARES;1427246,621659999946132
21;Barajas;213;Casco Histórico de Barajas;21;CASCO HISTORICO DE BARAJAS;213;3;CASCO HISTÓRICO DE BARAJAS;549393,997267000027932
16;Hortaleza;165;Apóstol Santiago;16;APOSTOL SANTIAGO;165;5;APÓSTOL SANTIAGO;1205070,030220000073314
8;Fuencarral - El Pardo;084;Pilar;08;PILAR;84;4;PILAR;1363211,896040000021458
8;Fuencarral - El Pardo;083;Peñagrande;08;PEÑAGRANDE;83;3;PEÑAGRANDE;2887271,135059999767691
9;Moncloa - Aravaca;096;El Plantío;09;EL PLANTIO;96;6;EL PLANTÍO;3528156,445129999890924
8;Fuencarral - El Pardo;085;La Paz;08;LA PAZ;85;5;LA PAZ;2154754,621340000070632
8;Fuencarral - El Pardo;082;Fuentelarreina;08;FUENTELARREINA;82;2;FUENTELARREINA;1382643,713669999968261
16;Hortaleza;166;Valdefuentes;16;VALDEFUENTES;166;6;VALDEFUENTES;17023150,021899998188019
8;Fuencarral - El Pardo;086;Valverde;08;VALVERDE;86;6;VALVERDE;8981228,047269999980927
8;Fuencarral - El Pardo;087;Mirasierra;08;MIRASIERRA;87;7;MIRASIERRA;6992796,711950000375509
8;Fuencarral - El Pardo;088;El Goloso;08;EL GOLOSO;88;8;EL GOLOSO;26493113,026099998503923
21;Barajas;212;Aeropuerto;21;AEROPUERTO;212;2;AEROPUERTO;29664730,870900001376867
8;Fuencarral - El Pardo;081;El Pardo;08;EL PARDO;81;1;EL PARDO;187583248,085000008344650
