distrito;barrio;seccion
01;011;001
01;011;002
01;011;003
01;011;004
01;011;006
01;011;007
01;011;008
01;011;009
01;011;011
01;011;012
01;011;013
01;011;014
01;011;015
01;011;016
01;011;018
01;011;019
01;011;020
01;011;021
01;012;022
01;012;023
01;012;024
01;012;025
01;012;026
01;012;027
01;012;028
01;012;029
01;012;030
01;012;031
01;012;032
01;012;033
01;012;034
01;012;035
01;012;036
01;012;037
01;012;038
01;012;039
01;012;040
01;012;041
01;012;042
01;012;043
01;012;045
01;012;046
01;012;047
01;012;048
01;012;049
01;012;050
01;012;051
01;012;053
01;012;054
01;012;055
01;012;056
01;012;057
01;012;058
01;012;059
01;013;061
01;013;062
01;013;063
01;013;064
01;013;065
01;013;066
01;013;067
01;013;068
01;013;069
01;013;071
01;013;072
01;014;073
01;014;074
01;014;075
01;014;076
01;014;077
01;014;079
01;014;081
01;014;082
01;014;084
01;014;087
01;014;088
01;014;089
01;015;090
01;015;091
01;015;092
01;015;093
01;015;094
01;015;095
01;015;096
01;015;097
01;015;098
01;015;099
01;015;100
01;015;101
01;015;102
01;015;103
01;015;104
01;015;105
01;015;106
01;015;107
01;015;108
01;015;109
01;015;110
01;015;111
01;015;112
01;015;113
01;015;114
01;015;115
01;015;116
01;016;117
01;016;118
01;016;119
01;016;120
01;016;121
01;016;123
02;021;001
02;021;002
02;021;003
02;021;004
02;021;005
02;021;006
02;021;007
02;021;008
02;021;009
02;021;010
02;021;011
02;021;013
02;021;014
02;021;089
02;021;090
02;021;095
02;021;107
02;022;015
02;022;016
02;022;017
02;022;018
02;022;019
02;022;020
02;022;021
02;022;022
02;022;023
02;022;024
02;022;025
02;022;026
02;022;027
02;022;028
02;022;029
02;022;030
02;022;031
02;022;085
02;022;086
02;022;087
02;022;088
02;022;091
02;022;092
02;022;094
02;022;096
02;022;108
02;022;109
02;023;032
02;023;033
02;023;034
02;023;035
02;023;036
02;023;037
02;023;038
02;023;039
02;023;040
02;023;041
02;023;042
02;023;043
02;023;044
02;023;045
02;023;046
02;023;047
02;024;048
02;024;049
02;024;093
02;024;099
02;024;100
02;024;101
02;024;102
02;024;103
02;024;104
02;024;110
02;024;111
02;024;114
02;025;050
02;025;051
02;025;052
02;025;053
02;025;054
02;025;055
02;025;056
02;025;057
02;025;058
02;025;059
02;025;060
02;025;061
02;025;062
02;025;063
02;025;097
02;025;098
02;025;105
02;025;106
02;025;112
02;025;113
02;026;064
02;026;065
02;026;066
02;026;067
02;026;068
02;026;069
02;026;070
02;026;071
02;026;072
02;026;073
02;026;074
02;026;075
02;026;077
02;026;078
02;026;079
02;026;080
02;026;081
02;026;082
02;027;083
03;031;001
03;031;002
03;031;003
03;031;004
03;031;005
03;031;006
03;031;007
03;031;008
03;031;009
03;031;010
03;031;011
03;031;012
03;031;013
03;031;014
03;031;015
03;031;016
03;031;017
03;031;018
03;031;019
03;031;020
03;031;021
03;031;022
03;031;023
03;031;089
03;031;095
03;031;096
03;032;024
03;032;025
03;032;026
03;032;027
03;032;028
03;032;029
03;032;030
03;032;092
03;032;097
03;032;098
03;032;099
03;032;100
03;032;101
03;033;031
03;033;032
03;033;033
03;033;034
03;033;035
03;033;036
03;033;037
03;033;038
03;033;039
03;033;040
03;033;041
03;033;042
03;033;044
03;033;045
03;033;046
03;033;047
03;033;090
03;033;091
03;033;093
03;033;094
03;034;048
03;034;049
03;034;050
03;034;051
03;034;052
03;034;053
03;034;054
03;034;055
03;034;056
03;034;057
03;034;058
03;034;059
03;034;060
03;034;061
03;034;063
03;034;064
03;034;065
03;034;066
03;034;067
03;035;069
03;035;071
03;035;073
03;035;074
03;035;076
03;036;077
03;036;078
03;036;079
03;036;080
03;036;081
03;036;082
03;036;084
03;036;085
03;036;086
03;036;087
04;041;001
04;041;002
04;041;003
04;041;004
04;041;005
04;041;006
04;041;007
04;041;008
04;041;009
04;041;010
04;041;011
04;041;012
04;041;013
04;041;014
04;042;015
04;042;016
04;042;017
04;042;018
04;042;019
04;042;020
04;042;021
04;042;023
04;042;024
04;042;025
04;042;026
04;042;027
04;042;028
04;042;029
04;042;030
04;042;031
04;042;032
04;042;033
04;042;034
04;042;035
04;042;036
04;042;037
04;042;038
04;042;039
04;042;040
04;042;041
04;042;042
04;043;043
04;043;044
04;043;045
04;043;046
04;043;047
04;043;048
04;043;049
04;043;050
04;043;051
04;043;052
04;043;053
04;043;054
04;043;055
04;043;056
04;043;057
04;043;058
04;043;060
04;044;061
04;044;062
04;044;063
04;044;064
04;044;065
04;044;067
04;044;068
04;044;069
04;044;070
04;044;071
04;044;072
04;044;073
04;044;074
04;044;075
04;044;076
04;044;077
04;044;078
04;044;079
04;044;080
04;044;081
04;044;082
04;044;083
04;044;084
04;044;085
04;044;086
04;044;087
04;044;088
04;044;089
04;044;090
04;044;091
04;044;092
04;044;093
04;044;094
04;044;131
04;045;096
04;045;097
04;045;098
04;045;099
04;045;100
04;045;101
04;045;102
04;045;103
04;045;104
04;045;105
04;045;106
04;045;107
04;045;108
04;045;109
04;045;110
04;045;111
04;045;112
04;045;113
04;046;114
04;046;115
04;046;116
04;046;117
04;046;118
04;046;119
04;046;120
04;046;121
04;046;123
04;046;124
04;046;126
04;046;127
04;046;128
04;046;130
05;051;001
05;051;002
05;051;003
05;051;004
05;051;005
05;051;006
05;051;007
05;051;008
05;051;009
05;051;010
05;051;011
05;051;012
05;051;013
05;052;014
05;052;015
05;052;016
05;052;017
05;052;018
05;052;019
05;052;020
05;052;021
05;052;022
05;052;023
05;052;024
05;052;025
05;052;026
05;052;027
05;052;028
05;052;029
05;052;030
05;052;031
05;052;032
05;052;033
05;052;034
05;052;035
05;052;036
05;052;037
05;052;095
05;052;099
05;052;102
05;053;038
05;053;039
05;053;040
05;053;041
05;053;042
05;053;043
05;053;044
05;053;045
05;053;046
05;053;047
05;053;048
05;053;049
05;053;096
05;054;051
05;054;052
05;054;053
05;054;054
05;054;055
05;054;056
05;054;057
05;054;058
05;054;059
05;054;060
05;054;061
05;054;062
05;054;063
05;054;064
05;054;065
05;054;066
05;054;067
05;054;068
05;054;069
05;054;097
05;054;098
05;055;070
05;055;072
05;055;073
05;055;074
05;055;075
05;055;076
05;055;077
05;055;078
05;055;079
05;055;080
05;055;081
05;055;082
05;055;083
05;055;084
05;056;085
05;056;086
05;056;087
05;056;088
05;056;089
05;056;090
05;056;091
05;056;092
05;056;094
05;056;100
05;056;101
05;056;103
05;056;104
06;061;001
06;061;002
06;061;003
06;061;004
06;061;005
06;061;006
06;061;007
06;061;008
06;061;009
06;061;010
06;061;011
06;061;012
06;061;013
06;061;014
06;061;015
06;061;016
06;061;017
06;061;018
06;061;019
06;061;021
06;061;023
06;061;125
06;062;024
06;062;025
06;062;026
06;062;027
06;062;028
06;062;029
06;062;031
06;062;032
06;062;033
06;062;034
06;062;035
06;062;036
06;062;037
06;062;038
06;062;039
06;062;040
06;062;041
06;062;042
06;062;043
06;062;044
06;062;045
06;062;046
06;062;048
06;062;049
06;062;050
06;062;051
06;062;052
06;062;053
06;062;054
06;063;056
06;063;057
06;063;058
06;063;059
06;063;060
06;063;061
06;063;062
06;063;063
06;063;064
06;063;065
06;063;066
06;063;067
06;063;068
06;063;069
06;063;070
06;063;071
06;064;072
06;064;073
06;064;074
06;064;075
06;064;076
06;064;077
06;064;078
06;064;079
06;064;080
06;064;081
06;064;084
06;064;085
06;064;089
06;064;127
06;064;128
06;064;129
06;065;090
06;065;091
06;065;092
06;065;093
06;065;094
06;065;095
06;065;096
06;065;097
06;065;099
06;065;101
06;065;102
06;065;103
06;065;104
06;065;105
06;065;106
06;065;107
06;065;126
06;066;108
06;066;109
06;066;110
06;066;111
06;066;112
06;066;113
06;066;114
06;066;115
06;066;116
06;066;117
06;066;118
06;066;119
06;066;120
06;066;121
06;066;122
06;066;123
06;066;124
07;071;001
07;071;002
07;071;003
07;071;004
07;071;006
07;071;007
07;071;008
07;071;009
07;071;010
07;071;011
07;071;012
07;071;013
07;071;014
07;071;016
07;071;017
07;071;018
07;071;019
07;071;021
07;071;023
07;072;024
07;072;025
07;072;026
07;072;028
07;072;030
07;072;031
07;072;032
07;072;034
07;072;035
07;072;036
07;072;038
07;072;039
07;072;040
07;072;041
07;072;042
07;072;043
07;072;044
07;072;045
07;072;046
07;072;047
07;072;048
07;072;049
07;073;050
07;073;051
07;073;052
07;073;053
07;073;055
07;073;056
07;073;057
07;073;058
07;073;059
07;073;060
07;073;061
07;073;062
07;073;063
07;073;064
07;073;065
07;073;066
07;073;067
07;073;068
07;073;069
07;073;070
07;073;071
07;073;072
07;073;073
07;074;075
07;074;076
07;074;078
07;074;079
07;074;080
07;074;081
07;074;082
07;074;083
07;074;084
07;074;085
07;074;086
07;074;087
07;074;088
07;074;089
07;074;090
07;074;091
07;074;092
07;074;093
07;075;094
07;075;095
07;075;096
07;075;097
07;075;098
07;075;099
07;075;100
07;075;101
07;075;102
07;075;103
07;075;105
07;075;106
07;075;107
07;075;108
07;075;109
07;075;110
07;075;111
07;075;113
07;075;114
07;075;115
07;075;116
07;075;117
07;076;118
07;076;119
07;076;120
07;076;121
07;076;122
07;076;123
07;076;124
07;076;125
07;076;126
07;076;127
07;076;128
07;076;129
07;076;130
07;076;131
07;076;132
07;076;133
07;076;135
08;081;001
08;081;002
08;081;003
08;081;004
08;082;005
08;082;006
08;082;007
08;083;008
08;083;009
08;083;010
08;083;011
08;083;012
08;083;013
08;083;014
08;083;015
08;083;016
08;083;017
08;083;018
08;083;019
08;083;020
08;083;021
08;083;022
08;083;023
08;083;024
08;083;025
08;083;026
08;083;027
08;083;028
08;083;029
08;083;049
08;083;050
08;083;051
08;083;052
08;083;140
08;083;141
08;083;142
08;083;143
08;083;145
08;083;148
08;083;149
08;083;151
08;083;157
08;083;182
08;084;030
08;084;031
08;084;032
08;084;033
08;084;034
08;084;045
08;084;046
08;084;047
08;084;048
08;084;053
08;084;054
08;084;055
08;084;056
08;084;057
08;084;058
08;084;059
08;084;060
08;084;061
08;084;062
08;084;063
08;084;064
08;084;065
08;084;066
08;084;067
08;084;068
08;084;069
08;084;071
08;084;072
08;084;073
08;084;074
08;084;075
08;084;076
08;084;077
08;084;078
08;084;079
08;084;080
08;084;081
08;084;082
08;084;083
08;084;084
08;084;085
08;084;086
08;084;088
08;084;089
08;085;035
08;085;036
08;085;037
08;085;038
08;085;039
08;085;040
08;085;041
08;085;042
08;085;043
08;085;044
08;085;090
08;085;091
08;085;092
08;085;093
08;085;094
08;085;095
08;085;096
08;085;097
08;085;098
08;085;099
08;085;100
08;085;102
08;085;103
08;085;144
08;085;146
08;085;150
08;086;104
08;086;105
08;086;106
08;086;107
08;086;108
08;086;109
08;086;110
08;086;111
08;086;112
08;086;113
08;086;114
08;086;115
08;086;116
08;086;117
08;086;119
08;086;120
08;086;121
08;086;122
08;086;123
08;086;124
08;086;125
08;086;126
08;086;128
08;086;153
08;086;159
08;086;160
08;086;161
08;086;162
08;086;166
08;086;167
08;086;168
08;086;170
08;086;171
08;086;172
08;086;174
08;086;179
08;086;185
08;086;186
08;086;187
08;086;188
08;086;190
08;086;191
08;086;192
08;087;131
08;087;132
08;087;133
08;087;134
08;087;135
08;087;136
08;087;137
08;087;138
08;087;139
08;087;147
08;087;152
08;087;154
08;087;155
08;087;156
08;087;158
08;087;163
08;087;175
08;087;177
08;087;180
08;087;181
08;087;183
08;087;189
08;088;129
08;088;164
08;088;165
08;088;169
08;088;173
08;088;176
08;088;178
08;088;184
08;088;193
09;091;001
09;091;002
09;091;004
09;091;005
09;091;006
09;091;007
09;091;008
09;091;009
09;091;010
09;091;081
09;091;084
09;091;095
09;092;011
09;092;012
09;092;013
09;092;014
09;092;015
09;092;016
09;092;017
09;092;018
09;092;019
09;092;020
09;092;021
09;092;022
09;092;023
09;092;024
09;092;025
09;092;026
09;092;028
09;092;029
09;092;030
09;092;031
09;093;033
09;093;034
09;093;035
09;093;036
09;093;037
09;093;038
09;093;039
09;093;040
09;093;041
09;093;043
09;093;044
09;093;045
09;094;046
09;094;047
09;094;049
09;094;050
09;094;051
09;094;052
09;094;053
09;094;054
09;094;055
09;094;056
09;094;057
09;094;058
09;094;060
09;094;061
09;094;063
09;094;064
09;094;065
09;094;066
09;094;067
09;094;068
09;094;069
09;094;070
09;094;082
09;094;090
09;095;071
09;095;086
09;095;091
09;095;097
09;096;072
09;096;093
09;097;073
09;097;074
09;097;075
09;097;076
09;097;077
09;097;078
09;097;079
09;097;080
09;097;083
09;097;085
09;097;087
09;097;088
09;097;089
09;097;092
09;097;094
09;097;096
10;101;001
10;101;002
10;101;003
10;101;005
10;101;006
10;101;007
10;101;008
10;101;009
10;101;010
10;101;011
10;101;012
10;101;215
10;101;217
10;101;219
10;102;013
10;102;014
10;102;015
10;102;016
10;102;017
10;102;018
10;102;020
10;102;021
10;102;022
10;102;023
10;102;024
10;102;025
10;102;026
10;102;027
10;102;028
10;102;029
10;102;030
10;102;031
10;102;032
10;102;033
10;102;035
10;102;036
10;102;037
10;102;038
10;102;039
10;102;040
10;102;041
10;102;042
10;102;043
10;102;044
10;102;046
10;102;047
10;102;048
10;102;049
10;102;206
10;102;211
10;103;050
10;103;051
10;103;052
10;103;053
10;103;054
10;103;055
10;103;056
10;103;057
10;103;058
10;103;059
10;103;060
10;103;061
10;103;062
10;103;063
10;103;065
10;103;067
10;103;068
10;103;069
10;103;070
10;103;072
10;103;073
10;103;074
10;103;075
10;103;076
10;103;077
10;103;078
10;103;212
10;103;213
10;103;218
10;104;081
10;104;082
10;104;083
10;104;084
10;104;086
10;104;087
10;104;088
10;104;089
10;104;090
10;104;091
10;104;092
10;104;093
10;104;094
10;104;095
10;104;096
10;104;098
10;104;099
10;104;100
10;104;101
10;104;102
10;104;103
10;104;106
10;104;107
10;104;108
10;104;109
10;104;110
10;104;112
10;104;113
10;104;114
10;104;115
10;104;116
10;104;117
10;104;118
10;104;119
10;104;120
10;104;121
10;104;122
10;104;123
10;104;124
10;104;125
10;104;126
10;104;127
10;104;128
10;104;129
10;104;130
10;104;131
10;104;132
10;104;133
10;104;135
10;104;136
10;104;137
10;104;138
10;104;139
10;104;140
10;104;142
10;104;143
10;104;207
10;105;144
10;105;145
10;105;146
10;105;147
10;105;148
10;105;149
10;105;151
10;105;152
10;105;153
10;105;154
10;105;156
10;105;157
10;105;158
10;105;159
10;106;216
10;106;220
10;106;221
10;106;222
10;107;161
10;107;162
10;107;163
10;107;164
10;107;165
10;107;167
10;107;168
10;107;169
10;107;170
10;107;171
10;107;172
10;107;173
10;107;174
10;107;175
10;107;176
10;107;178
10;107;179
10;107;180
10;107;181
10;107;182
10;107;183
10;107;184
10;107;185
10;107;187
10;107;188
10;107;189
10;107;190
10;107;191
10;107;192
10;107;193
10;107;194
10;107;197
10;107;198
10;107;199
10;107;201
10;107;202
10;107;203
10;107;204
10;107;205
10;107;209
10;107;210
10;107;214
11;111;001
11;111;002
11;111;003
11;111;004
11;111;005
11;111;006
11;111;007
11;111;010
11;111;011
11;111;012
11;111;013
11;111;015
11;111;016
11;111;017
11;111;018
11;111;019
11;111;021
11;112;022
11;112;023
11;112;024
11;112;025
11;112;026
11;112;028
11;112;029
11;112;030
11;112;031
11;112;032
11;112;033
11;112;034
11;112;035
11;112;036
11;112;037
11;112;038
11;112;039
11;112;040
11;112;041
11;112;042
11;112;043
11;112;044
11;112;045
11;112;046
11;112;181
11;112;184
11;113;047
11;113;048
11;113;049
11;113;050
11;113;051
11;113;054
11;113;055
11;113;056
11;113;057
11;113;058
11;113;059
11;113;060
11;113;061
11;113;062
11;113;063
11;113;065
11;113;067
11;113;068
11;113;069
11;113;070
11;113;071
11;113;072
11;113;073
11;113;074
11;113;075
11;113;180
11;113;195
11;114;078
11;114;079
11;114;080
11;114;081
11;114;082
11;114;083
11;114;085
11;114;086
11;114;087
11;114;088
11;114;089
11;114;091
11;114;092
11;114;093
11;114;094
11;114;095
11;114;096
11;114;097
11;114;098
11;114;099
11;114;100
11;114;101
11;114;102
11;114;103
11;114;104
11;114;105
11;114;106
11;114;107
11;114;108
11;114;109
11;114;110
11;114;111
11;114;112
11;114;179
11;115;113
11;115;114
11;115;115
11;115;116
11;115;117
11;115;118
11;115;119
11;115;120
11;115;121
11;115;122
11;115;123
11;115;124
11;115;125
11;115;126
11;115;128
11;115;129
11;115;130
11;115;131
11;115;132
11;115;133
11;115;134
11;115;135
11;115;136
11;115;137
11;115;185
11;115;199
11;116;138
11;116;139
11;116;140
11;116;141
11;116;142
11;116;143
11;116;145
11;116;146
11;116;147
11;116;148
11;116;149
11;116;150
11;116;151
11;116;152
11;116;153
11;116;154
11;116;155
11;116;156
11;116;186
11;116;187
11;116;188
11;116;189
11;116;190
11;116;191
11;116;192
11;116;193
11;116;196
11;116;197
11;116;198
11;116;200
11;117;157
11;117;158
11;117;160
11;117;161
11;117;162
11;117;163
11;117;165
11;117;167
11;117;168
11;117;169
11;117;170
11;117;171
11;117;173
11;117;174
11;117;175
11;117;176
11;117;177
11;117;178
11;117;182
11;117;183
11;117;194
11;117;201
12;121;001
12;121;002
12;121;003
12;121;005
12;121;006
12;121;007
12;121;008
12;121;009
12;121;010
12;121;011
12;121;012
12;121;013
12;121;014
12;121;015
12;121;016
12;121;101
12;121;102
12;121;106
12;122;018
12;122;019
12;122;020
12;122;022
12;122;023
12;122;024
12;122;099
12;122;108
12;122;110
12;123;027
12;123;028
12;123;029
12;123;030
12;123;031
12;123;032
12;123;033
12;123;034
12;123;037
12;123;100
12;123;103
12;123;104
12;123;105
12;123;109
12;124;039
12;124;041
12;124;042
12;124;043
12;124;044
12;124;045
12;124;046
12;124;047
12;124;048
12;124;049
12;124;050
12;124;051
12;124;052
12;124;107
12;125;053
12;125;054
12;125;055
12;125;056
12;125;057
12;125;059
12;125;061
12;125;062
12;125;064
12;125;065
12;125;066
12;125;067
12;125;069
12;125;070
12;125;071
12;125;073
12;125;074
12;126;075
12;126;077
12;126;078
12;126;079
12;126;080
12;126;081
12;126;082
12;126;083
12;126;084
12;126;098
12;127;086
12;127;087
12;127;088
12;127;089
12;127;090
12;127;091
12;127;092
12;127;093
12;127;094
12;127;096
12;127;097
13;131;002
13;131;003
13;131;004
13;131;005
13;131;006
13;131;007
13;131;008
13;131;010
13;131;011
13;131;012
13;131;013
13;131;014
13;131;016
13;131;017
13;131;018
13;131;019
13;131;021
13;131;022
13;131;023
13;131;024
13;131;026
13;131;028
13;131;029
13;131;030
13;131;031
13;131;032
13;131;033
13;131;034
13;131;035
13;132;036
13;132;037
13;132;038
13;132;039
13;132;040
13;132;041
13;132;042
13;132;043
13;132;044
13;132;045
13;132;046
13;132;047
13;132;048
13;132;049
13;132;050
13;132;052
13;132;053
13;132;054
13;132;055
13;132;056
13;132;057
13;132;058
13;132;059
13;132;060
13;132;061
13;132;062
13;132;063
13;132;065
13;132;066
13;132;069
13;132;218
13;133;074
13;133;077
13;133;078
13;133;079
13;133;080
13;133;083
13;133;084
13;133;086
13;133;087
13;133;088
13;133;089
13;133;090
13;133;091
13;133;092
13;133;094
13;133;103
13;133;104
13;133;203
13;133;204
13;133;205
13;133;206
13;133;207
13;133;208
13;133;209
13;133;210
13;133;213
13;133;219
13;134;108
13;134;109
13;134;110
13;134;111
13;134;112
13;134;115
13;134;116
13;134;117
13;134;118
13;134;119
13;134;120
13;134;121
13;134;122
13;134;123
13;134;124
13;134;125
13;134;127
13;134;128
13;134;129
13;134;131
13;134;132
13;134;133
13;134;134
13;134;135
13;134;136
13;134;137
13;134;138
13;134;139
13;134;140
13;134;199
13;134;211
13;134;215
13;134;216
13;135;142
13;135;143
13;135;144
13;135;145
13;135;146
13;135;147
13;135;148
13;135;150
13;135;153
13;135;154
13;135;155
13;135;156
13;135;157
13;135;158
13;135;160
13;135;161
13;135;162
13;135;163
13;135;164
13;135;198
13;135;200
13;135;214
13;136;166
13;136;168
13;136;169
13;136;170
13;136;171
13;136;172
13;136;173
13;136;174
13;136;175
13;136;176
13;136;177
13;136;178
13;136;179
13;136;180
13;136;181
13;136;182
13;136;183
13;136;184
13;136;185
13;136;186
13;136;187
13;136;189
13;136;190
13;136;191
13;136;192
13;136;193
13;136;194
13;136;195
13;136;196
13;136;197
13;136;201
13;136;202
13;136;212
13;136;217
14;141;002
14;141;003
14;141;004
14;141;005
14;141;079
14;141;088
14;141;092
14;142;089
14;142;090
14;142;091
14;142;093
14;143;010
14;143;012
14;143;013
14;143;014
14;143;015
14;143;016
14;143;017
14;143;018
14;143;020
14;143;021
14;143;022
14;143;024
14;143;025
14;143;026
14;143;027
14;143;028
14;143;029
14;143;080
14;143;081
14;143;085
14;143;086
14;143;087
14;143;094
14;143;095
14;144;030
14;144;031
14;144;032
14;144;033
14;144;034
14;144;035
14;144;036
14;144;037
14;144;038
14;144;039
14;144;040
14;144;041
14;144;042
14;144;082
14;144;083
14;144;084
14;145;043
14;145;044
14;145;045
14;145;046
14;145;047
14;145;048
14;145;049
14;145;050
14;145;051
14;145;052
14;145;053
14;145;054
14;145;055
14;145;056
14;145;057
14;145;058
14;145;059
14;146;060
14;146;061
14;146;062
14;146;063
14;146;064
14;146;065
14;146;067
14;146;069
14;146;070
14;146;071
14;146;072
14;146;073
14;146;075
14;146;076
14;146;077
15;151;001
15;151;002
15;151;003
15;151;005
15;151;006
15;151;008
15;151;009
15;151;010
15;151;011
15;151;012
15;151;013
15;151;014
15;151;015
15;151;016
15;151;017
15;151;018
15;151;019
15;151;020
15;151;021
15;151;022
15;151;023
15;151;024
15;151;025
15;151;026
15;151;027
15;151;028
15;151;029
15;151;030
15;151;031
15;151;032
15;151;033
15;151;034
15;151;035
15;151;036
15;151;037
15;151;038
15;151;039
15;151;040
15;151;041
15;151;042
15;151;043
15;152;044
15;152;045
15;152;046
15;152;047
15;152;048
15;152;049
15;152;050
15;152;051
15;152;052
15;152;053
15;152;054
15;152;056
15;152;057
15;152;058
15;152;059
15;152;060
15;152;061
15;152;062
15;152;065
15;152;066
15;152;067
15;152;068
15;152;069
15;152;070
15;152;071
15;152;073
15;152;074
15;152;075
15;152;076
15;152;077
15;152;078
15;152;079
15;152;080
15;152;081
15;152;082
15;152;083
15;152;084
15;152;085
15;152;086
15;152;087
15;152;088
15;152;089
15;152;090
15;152;177
15;152;179
15;152;181
15;153;092
15;153;093
15;153;094
15;153;095
15;153;096
15;153;097
15;153;098
15;153;099
15;153;100
15;153;101
15;153;102
15;153;103
15;153;105
15;153;106
15;153;108
15;153;109
15;153;110
15;153;111
15;153;112
15;153;113
15;154;114
15;154;115
15;154;116
15;154;117
15;154;118
15;154;119
15;154;120
15;154;121
15;154;122
15;154;123
15;154;124
15;154;125
15;154;126
15;154;127
15;154;128
15;154;129
15;154;130
15;154;131
15;155;132
15;155;133
15;155;134
15;155;135
15;155;136
15;155;138
15;155;140
15;155;141
15;155;142
15;155;143
15;155;144
15;155;146
15;155;147
15;156;148
15;156;149
15;156;150
15;156;151
15;156;153
15;156;174
15;156;175
15;156;178
15;156;180
15;157;154
15;157;155
15;157;156
15;157;157
15;157;158
15;158;159
15;159;160
15;159;161
15;159;162
15;159;163
15;159;164
15;159;165
15;159;166
15;159;167
15;159;168
15;159;170
15;159;171
15;159;172
15;159;173
15;159;176
15;159;182
16;161;001
16;161;002
16;161;105
16;161;121
16;162;003
16;162;004
16;162;005
16;162;102
16;162;103
16;162;104
16;162;113
16;163;006
16;163;007
16;163;008
16;163;009
16;163;011
16;163;012
16;163;013
16;163;014
16;163;015
16;163;016
16;163;017
16;163;018
16;163;019
16;163;020
16;163;021
16;163;022
16;163;024
16;163;025
16;163;026
16;163;027
16;163;028
16;163;029
16;163;030
16;163;031
16;163;032
16;163;033
16;163;034
16;163;035
16;163;098
16;163;100
16;163;101
16;164;036
16;164;037
16;164;038
16;164;039
16;164;040
16;164;042
16;164;043
16;164;044
16;164;045
16;164;046
16;164;048
16;164;049
16;164;050
16;164;051
16;164;052
16;164;053
16;164;054
16;164;055
16;164;057
16;164;058
16;164;059
16;164;060
16;164;061
16;164;063
16;164;064
16;164;065
16;164;066
16;164;067
16;164;069
16;164;070
16;164;071
16;164;073
16;164;074
16;164;075
16;164;076
16;164;077
16;164;078
16;164;097
16;165;079
16;165;080
16;165;081
16;165;082
16;165;083
16;165;085
16;165;086
16;165;087
16;165;088
16;165;089
16;165;090
16;166;091
16;166;092
16;166;093
16;166;096
16;166;099
16;166;106
16;166;107
16;166;108
16;166;109
16;166;110
16;166;111
16;166;112
16;166;114
16;166;115
16;166;116
16;166;117
16;166;118
16;166;119
16;166;120
16;166;122
16;166;123
16;166;124
16;166;125
16;166;126
16;166;127
16;166;128
16;166;129
16;166;130
16;166;131
16;166;132
16;166;133
16;166;134
16;166;135
16;166;136
16;166;137
17;171;002
17;171;003
17;171;004
17;171;006
17;171;007
17;171;008
17;171;009
17;171;010
17;171;011
17;171;012
17;171;013
17;171;014
17;171;015
17;171;016
17;171;017
17;171;018
17;171;019
17;171;020
17;171;021
17;171;022
17;171;023
17;171;024
17;171;025
17;171;026
17;171;027
17;171;028
17;171;029
17;171;098
17;171;099
17;171;100
17;171;106
17;171;109
17;171;113
17;171;119
17;171;120
17;172;031
17;172;032
17;172;033
17;172;035
17;172;036
17;172;037
17;172;038
17;172;039
17;172;041
17;172;042
17;172;043
17;173;045
17;173;046
17;173;047
17;173;101
17;173;107
17;173;110
17;173;111
17;173;114
17;173;115
17;173;117
17;174;048
17;174;049
17;174;050
17;174;051
17;174;052
17;174;053
17;174;054
17;174;055
17;174;057
17;174;058
17;174;059
17;174;060
17;174;061
17;174;062
17;174;063
17;174;064
17;174;065
17;174;066
17;174;096
17;174;097
17;174;103
17;174;104
17;174;105
17;174;108
17;174;112
17;174;116
17;175;068
17;175;069
17;175;070
17;175;071
17;175;072
17;175;073
17;175;074
17;175;075
17;175;076
17;175;078
17;175;079
17;175;080
17;175;082
17;175;083
17;175;084
17;175;085
17;175;086
17;175;087
17;175;089
17;175;090
17;175;091
17;175;092
17;175;093
17;175;094
17;175;095
17;175;102
17;175;118
18;181;002
18;181;003
18;181;004
18;181;005
18;181;006
18;181;007
18;181;008
18;181;009
18;181;010
18;181;011
18;181;012
18;181;013
18;181;014
18;181;015
18;181;016
18;181;017
18;181;018
18;181;019
18;181;020
18;181;021
18;181;022
18;181;023
18;181;024
18;181;025
18;181;042
18;181;043
18;181;045
18;181;046
18;182;026
18;182;027
18;182;028
18;182;029
18;182;030
18;182;031
18;182;032
18;182;033
18;182;034
18;182;035
18;182;036
18;182;037
18;182;038
18;182;039
18;182;040
18;182;041
18;182;044
18;182;048
18;183;047
18;183;049
18;183;050
18;183;051
18;183;052
18;183;053
18;183;054
18;183;055
18;183;056
18;183;057
18;183;058
18;183;059
18;183;060
18;183;061
18;183;062
18;183;063
18;183;064
18;183;065
18;183;066
18;183;067
18;183;068
18;183;069
18;183;070
18;183;071
18;183;072
18;183;073
18;183;074
18;183;075
18;183;076
19;191;001
19;191;002
19;191;003
19;191;004
19;191;005
19;191;006
19;191;007
19;191;008
19;191;009
19;191;011
19;191;012
19;191;014
19;191;015
19;191;016
19;191;018
19;191;019
19;191;020
19;191;021
19;191;022
19;191;023
19;191;024
19;191;025
19;191;026
19;191;027
19;191;028
19;191;029
19;191;032
19;191;057
19;192;033
19;192;034
19;192;035
19;192;036
19;192;037
19;192;038
19;192;039
19;192;043
19;192;044
19;192;050
19;193;040
19;193;041
19;193;042
19;193;045
19;193;046
19;193;047
19;193;048
19;193;049
19;193;051
19;194;052
19;194;053
19;194;054
19;194;055
19;194;056
19;194;058
19;194;059
19;194;060
19;194;061
20;201;001
20;201;002
20;201;003
20;201;006
20;201;007
20;201;008
20;201;009
20;201;010
20;201;011
20;201;012
20;201;013
20;201;015
20;201;017
20;201;018
20;201;020
20;201;100
20;201;118
20;201;119
20;201;122
20;201;125
20;202;021
20;202;022
20;202;023
20;202;025
20;202;026
20;202;027
20;202;028
20;202;029
20;203;031
20;203;032
20;203;033
20;203;034
20;203;035
20;203;036
20;203;037
20;203;038
20;203;039
20;204;040
20;204;041
20;204;042
20;204;043
20;204;044
20;204;046
20;204;047
20;204;048
20;204;049
20;204;050
20;204;051
20;204;053
20;204;055
20;204;056
20;204;058
20;204;059
20;204;109
20;204;111
20;204;112
20;204;127
20;205;062
20;205;063
20;205;064
20;205;065
20;205;066
20;205;067
20;205;102
20;205;103
20;205;104
20;205;106
20;205;107
20;205;110
20;205;113
20;205;114
20;205;115
20;205;117
20;205;128
20;206;068
20;206;069
20;206;070
20;206;071
20;206;116
20;206;120
20;206;121
20;206;123
20;206;126
20;206;129
20;207;072
20;207;073
20;207;074
20;207;075
20;207;076
20;207;077
20;207;078
20;207;079
20;207;080
20;207;082
20;207;083
20;207;085
20;207;086
20;207;087
20;207;088
20;207;090
20;207;091
20;207;092
20;207;093
20;207;101
20;208;095
20;208;096
20;208;097
20;208;098
20;208;099
20;208;105
20;208;108
20;208;124
21;211;001
21;211;002
21;211;003
21;211;004
21;211;005
21;211;006
21;211;007
21;211;008
21;211;009
21;211;010
21;211;011
21;211;012
21;211;013
21;211;014
21;212;015
21;213;017
21;213;018
21;213;019
21;213;020
21;213;021
21;214;022
21;214;023
21;214;026
21;214;028
21;214;030
21;214;031
21;214;033
21;214;034
21;215;025
21;215;027
21;215;029
21;215;032
